종목코드,종목명,거래량_매도,거래량_매수,거래량_순매수,거래대금_매도,거래대금_매수,거래대금_순매수
"005490","POSCO홀딩스","162287375","185934753","23647378","77247297712000","88579679763000","11332382051000"
"051910","LG화학","19717862","23008228","3290366","12681750504000","14620490931000","1938740427000"
"003670","포스코퓨처엠","154052429","157498439","3446010","51954688922400","53157278048000","1202589125600"
"096770","SK이노베이션","82339596","89957646","7618050","14366855013600","15535531174100","1168676160500"
"006400","삼성SDI","19359432","21282158","1922726","11947505931000","12775721143500","828215212500"
"373220","LG에너지솔루션","34312360","36023411","1711051","18122262966000","18800479780500","678216814500"
"051900","LG생활건강","6278359","7445927","1167568","3094051216000","3694304369000","600253153000"
"051915","LG화학우","5675859","7289206","1613347","2063812107000","2661307879500","597495772500"
"035250","강원랜드","68084941","93258103","25173162","1204333170280","1680119213420","475786043140"
"009830","한화솔루션","188253281","199281596","11028315","8131954576700","8606521436500","474566859800"
"036570","엔씨소프트","10520917","12032367","1511450","3240892952500","3703228537000","462335584500"
"047050","포스코인터내셔널","466332247","474766939","8434692","26957896888750","27367769778150","409872889400"
"010950","S-Oil","27088501","32344508","5256007","2050332480300","2408041215200","357708734900"
"017860","DS단석","6967842","7786306","818464","2472816112500","2780797548000","307981435500"
"207940","삼성바이오로직스","4907972","5330965","422993","3764941009000","4059976952000","295035943000"
"011790","SKC","36028761","38974539","2945778","3561721821700","3799346728500","237624906800"
"006260","LS","51804250","53859188","2054938","5388315871500","5625522466200","237206594700"
"454910","두산로보틱스","233464685","237665316","4200631","16430062776400","16664533128550","234470352150"
"006360","GS건설","103894559","117603644","13709085","1829944193270","2063679292500","233735099230"
"036460","한국가스공사","27926116","35447428","7521312","758662551050","971496923450","212834372400"
"028670","팬오션","466828101","505607555","38779454","2279554868700","2442104186555","162549317855"
"001570","금양","533519669","533309742","-209927","39048503441150","39191807005650","143303564500"
"017670","SK텔레콤","50493236","54013459","3520223","2429621081250","2562193548100","132572466850"
"086790","하나금융지주","50586534","54999169","4412635","2164217551700","2288847163100","124629611400"
"001120","LX인터내셔널","53333222","57283286","3950064","1806097365900","1929569600750","123472234850"
"011810","STX","741124365","746839922","5715557","10733945561570","10855810007215","121864445645"
"452260","한화갤러리아","729428195","793524788","64096593","1325874042298","1446308324561","120434282263"
"010130","고려아연","4263913","4527800","263887","2227593286000","2341624996500","114031710500"
"003620","KG모빌리티","190721565","199149576","8428011","2030697233400","2144531481100","113834247700"
"000150","두산","40316046","40943107","627061","4464563077000","4576567741800","112004664800"
"145720","덴티움","11737998","12420673","682675","1534393839600","1638449194300","104055354700"
"030000","제일기획","24775551","30029753","5254202","481165450200","581093338110","99927887910"
"097950","CJ제일제당","3338241","3635152","296911","1045772823500","1145496929000","99724105500"
"010120","LS ELECTRIC","37308662","38108675","800013","3313916560950","3412184172850","98267611900"
"004170","신세계","5767211","6327376","560165","1166107321700","1263297042900","97189721200"
"005420","코스모화학","268730547","268499577","-230970","13477218214450","13571883160000","94664945550"
"336260","두산퓨얼셀","51819012","55920179","4101167","1442472229020","1536301863450","93829634430"
"137310","에스디바이오센서","105031862","111368635","6336773","1551622544430","1645366649840","93744105410"
"093230","이아이디","1657643790","1696498081","38854291","3827176187536","3917084537043","89908349507"
"020150","롯데에너지머티리얼즈","40721008","42165463","1444455","2347417948150","2433673810500","86255862350"
"139480","이마트","11088574","12430712","1342138","955080397900","1039961597700","84881199800"
"006740","영풍제지","687906208","701712381","13806173","14007648606250","14089772264845","82123658595"
"015760","한국전력","153279638","158832704","5553066","2881141239500","2961661487250","80520247750"
"034730","SK","12704493","13233563","529070","2089689678100","2170005990400","80316312300"
"000080","하이트진로","29985976","33490940","3504964","662703330640","740125908120","77422577480"
"210980","SK디앤디","33165210","35946211","2781001","888273354730","965025258930","76751904200"
"069620","대웅제약","6955863","7554105","598242","806732135300","881623369600","74891234300"
"032640","LG유플러스","58517017","65783055","7266038","627538130590","701230483580","73692352990"
"322000","HD현대에너지솔루션","28480254","30427464","1947210","1223660841250","1297016676800","73355835550"
"000100","유한양행","54426155","55145621","719466","3647952479550","3716967681250","69015201700"
"004990","롯데지주","16388238","18796924","2408686","457871657300","525053253500","67181596200"
"093370","후성","273768337","277525705","3757368","3924409587550","3988024502070","63614914520"
"014820","동원시스템즈","10379165","11785492","1406327","439243012050","500638566950","61395554900"
"016380","KG스틸","274974614","280687652","5713038","2693846657260","2754892391760","61045734500"
"078930","GS","8583684","10231192","1647508","343854781450","404391112800","60536331350"
"282330","BGF리테일","1669575","2117269","447694","268040548600","327654940500","59614391900"
"074610","이엔플러스","881688493","887362881","5674388","7695920024760","7754749680585","58829655825"
"000880","한화","32212994","34846110","2633116","896864322100","953715990700","56851668600"
"112610","씨에스윈드","59726056","61171866","1445810","4186553373300","4242675700650","56122327350"
"353200","대덕전자","137210899","139806456","2595557","3757896221810","3812311211290","54414989480"
"000720","현대건설","69249213","70835528","1586315","2607930521250","2661874098450","53943577200"
"017390","서울가스","7209621","7721057","511436","993641567200","1047042391100","53400823900"
"036420","콘텐트리중앙","24397933","27025136","2627203","488881016000","541968240970","53087224970"
"007660","이수페타시스","1317062367","1313583873","-3478494","27233108483910","27284759945430","51651461520"
"092790","넥스틸","111043941","114808343","3764402","1180459953830","1225997775750","45537821920"
"088980","맥쿼리인프라","80510827","84436803","3925976","1001385981090","1046693946380","45307965290"
"032350","롯데관광개발","158670375","163547530","4877155","2110078901560","2155348796160","45269894600"
"006280","녹십자","4659517","5068770","409253","553381823000","597947780900","44565957900"
"005950","이수화학","348313187","349720777","1407590","11651715054580","11695435293880","43720239300"
"001470","삼부토건","3854561526","3861723266","7161740","12381985858938","12425681789446","43695930508"
"000490","대동","242474628","245226449","2751821","3834339570230","3877599588970","43260018740"
"010600","웰바이오텍","1275756332","1286532763","10776431","3720846843286","3763971548754","43124705468"
"031430","신세계인터내셔날","16829557","18811054","1981497","323550309030","366528334110","42978025080"
"034120","SBS","23034338","24407103","1372765","794639972250","835928935200","41288962950"
"204320","HL만도","26048461","27429802","1381341","1153471619700","1193827642350","40356022650"
"011070","LG이노텍","19732797","20066056","333259","5291995161000","5332004552000","40009391000"
"051905","LG생활건강우","747370","930399","183029","160674848300","200528763900","39853915600"
"111380","동인기연","21186621","22422643","1236022","602321848350","639765300700","37443452350"
"018880","한온시스템","68903711","74517123","5613412","606983646760","644128593260","37144946500"
"023530","롯데쇼핑","5477315","5953342","476027","431821572500","468200221200","36378648700"
"090460","비에이치","32332033","34007231","1675198","757298461350","792784815090","35486353740"
"007460","에이프로젠","844742360","866696723","21954363","1534008556323","1569176452544","35167896221"
"460850","동국씨엠","43992639","47643276","3650637","576873515030","611547238350","34673723320"
"026960","동서","7957155","9824971","1867816","150154373600","184740918280","34586544680"
"005690","파미셀","68185196","73003425","4818229","552504617370","586591249160","34086631790"
"020000","한섬","5336392","6933920","1597528","116629246300","150667237410","34037991110"
"013890","지누스","7787400","9203456","1416056","197140238760","230849397770","33709159010"
"363280","티와이홀딩스","59522587","64964042","5441455","396353961540","428938563295","32584601755"
"007070","GS리테일","18643196","20295564","1652368","469170665310","501375058520","32204393210"
"213500","한솔제지","9903939","12700715","2796776","111021304710","143128505650","32107200940"
"007310","오뚜기","523078","603034","79956","209092442500","240704074000","31611631500"
"000155","두산우","7157134","7551546","394412","477303946500","508496430850","31192484350"
"001230","동국홀딩스","116689215","119429008","2739793","1894967622870","1925762758870","30795136000"
"033780","KT&G","13153833","13718548","564715","1147947720000","1178360851200","30413131200"
"330590","롯데리츠","17243305","25916559","8673254","61898136520","92236555800","30338419280"
"005300","롯데칠성","2309772","2520143","210371","339549873500","369803323700","30253450200"
"267270","HD현대건설기계","29493258","30339440","846182","1876410736750","1905605335050","29194598300"
"015890","태경산업","166091089","169341772","3250683","1411189909460","1439697313790","28507404330"
"006040","동원산업","3560730","4329246","768516","145350844750","173428100950","28077256200"
"120110","코오롱인더","30991463","31595347","603884","1520586846900","1547350068100","26763221200"
"004370","농심","1991258","2061092","69834","829173915897","854993592500","25819676603"
"403550","쏘카","33651678","35334720","1683042","569590623620","594675733780","25085110160"
"009410","태영건설","95509470","101902184","6392714","322355390928","347322002299","24966611371"
"003240","태광산업","89441","126019","36578","58816971000","83445533000","24628562000"
"272450","진에어","23617809","25821344","2203535","367040877940","391314972440","24274094500"
"055490","테이팩스","5914283","6443252","528969","294731754250","318210013850","23478259600"
"229640","LS전선아시아","610191491","611242172","1050681","7842706548770","7865930929050","23224380280"
"450080","에코프로머티","173746942","177298950","3552008","19844107893050","19866854078000","22746184950"
"457190","이수스페셜티케미컬","38094267","38141469","47202","9745303313800","9767474393300","22171079500"
"000240","한국앤컴퍼니","68588747","69505960","917213","1135163391380","1156383965490","21220574110"
"005440","현대지에프홀딩스","23185456","28734537","5549081","98049544795","119112897250","21063352455"
"092220","KEC","1021801613","1032751425","10949812","2373417969518","2394068593360","20650623842"
"004690","삼천리","12678184","13064645","386461","2094397963900","2114970821600","20572857700"
"011330","유니켐","214311559","224203647","9892088","438529981054","458849293797","20319312743"
"039130","하나투어","11741242","12145775","404533","649693947650","669698815900","20004868250"
"348950","제이알글로벌리츠","32453542","37219804","4766262","139160581030","159039198775","19878617745"
"241590","화승엔터프라이즈","34109512","36895716","2786204","294004103550","313595886700","19591783150"
"053210","스카이라이프","8990780","11757721","2766941","62153046240","80564235600","18411189360"
"111770","영원무역","6658296","7092148","433852","333085411850","351118859700","18033447850"
"012320","경동인베스트","18463258","18616537","153279","1964968957700","1982978324200","18009366500"
"013580","계룡건설","5411339","6495313","1083974","89595127140","107582856270","17987729130"
"365550","ESR켄달스퀘어리츠","11865907","16836786","4970879","46085930665","64023537795","17937607130"
"395400","SK리츠","12640145","16931646","4291501","58749164825","76650063180","17900898355"
"079160","CJ CGV","81899197","85901098","4001901","683902951390","701466226855","17563275465"
"000480","CR홀딩스","116329383","117683469","1354086","1569422713250","1586814255170","17391541920"
"034830","한국토지신탁","94339727","107253805","12914078","125048817285","141710620338","16661803053"
"009835","한화솔루션우","8423387","8899852","476465","291433856010","308009424020","16575568010"
"003220","대원제약","34354382","35397092","1042710","567727739650","583976379820","16248640170"
"380440","엔에이치스팩19호","6195442","9456680","3261238","38583997632","54675070373","16091072741"
"096775","SK이노베이션우","1714374","1862535","148161","200980137000","217014707000","16034570000"
"010955","S-Oil우","1923857","2248853","324996","98304281900","114334720400","16030438500"
"033180","KH 필룩스","276333811","301104231","24770420","182164494228","197481497199","15317002971"
"047400","유니온머티리얼","1152813220","1154810699","1997479","5083762750545","5098994287875","15231537330"
"284740","쿠쿠홈시스","4072701","4647851","575150","97372836690","112372858820","15000022130"
"002900","TYM","301572278","307056119","5483841","1037071057725","1051627223935","14556166210"
"271940","일진하이솔루스","10427091","10907880","480789","299208026650","313280649270","14072622620"
"010580","에스엠벡셀","131321428","134978247","3656819","391797486286","405757455329","13959969043"
"069460","대호에이엘","328428181","337092658","8664477","503511102951","517344749694","13833646743"
"126720","수산인더스트리","13176799","13782823","606024","308424674390","321893059780","13468385390"
"267290","경동도시가스","6351192","6984262","633070","141841236980","155201249000","13360012020"
"097955","CJ제일제당 우","395240","485584","90344","56653276900","69832725000","13179448100"
"012510","더존비즈온","23510516","24342177","831661","850285420900","863370440350","13085019450"
"122900","아이마켓코리아","6450268","7913040","1462772","60821405210","73632902990","12811497780"
"002960","한국쉘석유","232489","288519","56030","54161358500","66947517500","12786159000"
"008730","율촌화학","17846712","18363567","516855","657256494800","669706196750","12449701950"
"000670","영풍","288693","307161","18468","165190731500","176887444500","11696713000"
"016580","환인제약","5996025","6770321","774296","89407268340","100970504180","11563235840"
"008490","서흥","1873411","2266653","393242","54842403150","66389807900","11547404750"
"001680","대상","18140478","18720997","580519","360941610790","372398301050","11456690260"
"000060","메리츠화재","1124440","1361430","236990","58156451700","69582545000","11426093300"
"014830","유니드","5116004","5283690","167686","355881150500","366973936000","11092785500"
"005680","삼영전자","6722874","7974886","1252012","61835301700","72914724540","11079422840"
"432320","KB스타리츠","5805168","8887863","3082695","24302636760","35193409355","10890772595"
"004380","삼익THK","21054785","21857910","803125","293068791680","303782511400","10713719720"
"002790","아모레G","30928263","31501949","573686","1040689552850","1051337408550","10647855700"
"082640","동양생명","22169367","24957251","2787884","93627262375","103965276150","10338013775"
"025860","남해화학","61320711","62555741","1235030","516725155870","526791948230","10066792360"
"298000","효성화학","4535428","4621470","86042","503790268000","513814889200","10024621200"
"025000","KPX케미칼","346582","568685","222103","15769693150","25746752450","9977059300"
"024900","덕양산업","597814670","598329061","514391","3969102519270","3978905944195","9803424925"
"057050","현대홈쇼핑","1066345","1290914","224569","48813992350","58559242800","9745250450"
"003520","영진약품","116534017","120845363","4311346","335558981070","345148425343","9589444273"
"001140","국보","110176883","110910966","734083","455218353805","464784517236","9566163431"
"015230","대창단조","65844410","67203099","1358689","477201909010","486432817960","9230908950"
"090435","아모레퍼시픽우","1551049","1782944","231895","60219537250","69375252200","9155714950"
"000300","대유플러스","636048719","658220566","22171847","421723195733","430791834450","9068638717"
"119650","KC코트렐","335510835","338731192","3220357","922860386145","931841317252","8980931107"
"003470","유안타증권","40307048","43812738","3505690","111396271310","120133030100","8736758790"
"005090","SGC에너지","6121657","6441007","319350","171469815200","180199474100","8729658900"
"071840","롯데하이마트","6877318","7650588","773270","75424148360","84123802140","8699653780"
"089590","제주항공","52329120","53583853","1254733","742912853500","751560460680","8647607180"
"450140","코오롱모빌리티그룹","341519421","342911665","1392244","1897511607990","1906132654355","8621046365"
"009190","대양금속","311856171","316013413","4157242","630807878353","639242020845","8434142492"
"021240","코웨이","8066536","8304709","238173","390829560150","399235745550","8406185400"
"016710","대성홀딩스","38699953","40423250","1723297","1246620861460","1254976959630","8356098170"
"075580","세진중공업","51845000","53789352","1944352","318112953615","326428367175","8315413560"
"024720","한국콜마홀딩스","13734733","14358810","624077","132001759320","140304562090","8302802770"
"396690","미래에셋글로벌리츠","6214419","8657690","2443271","19164700940","27455153980","8290453040"
"446070","유니드비티플러스","86362285","87265480","903195","804242781400","812486004760","8243223360"
"009580","무림P&P","30451786","32614900","2163114","115498336430","123670156250","8171819820"
"00279K","아모레G3우(전환)","764614","1198778","434164","17401695910","25555111580","8153415670"
"005960","동부건설","31765552","32874405","1108853","236191416210","244220423210","8029007000"
"400760","NH올원리츠","7975997","10358566","2382569","27829568255","35809212460","7979644205"
"003000","부광약품","36938858","38438708","1499850","268256293350","276020439540","7764146190"
"044450","KSS해운","16011529","16883563","872034","139481410890","147236734150","7755323260"
"025820","이구산업","650239054","650764271","525217","3448055874330","3455803268745","7747394415"
"025560","미래산업","167511867","167797251","285384","1517984766605","1525631184945","7646418340"
"357430","마스턴프리미어리츠","3208958","5694256","2485298","10199660910","17731529495","7531868585"
"900140","엘브이엠씨홀딩스","241032579","245168608","4136029","580550258895","588064050911","7513792016"
"001360","삼성제약","133676627","136435726","2759099","420569608735","427920195005","7350586270"
"136490","선진","10708582","11719279","1010697","89108130600","96384991750","7276861150"
"377190","디앤디플랫폼리츠","8029726","10186185","2156459","26894517020","34108217970","7213700950"
"084690","대상홀딩스","247319485","247832597","513112","2773290836200","2780503541890","7212705690"
"000540","흥국화재","9644364","11808193","2163829","31882019955","39019215875","7137195920"
"011000","진원생명과학","118504927","121441590","2936663","598020850945","605061837675","7040986730"
"081000","일진다이아","7148446","7590430","441984","129871025770","136815970510","6944944740"
"002810","삼영무역","1338744","1870774","532030","17177396810","23984032180","6806635370"
"017810","풀무원","15370540","15988824","618284","173556123670","180336863170","6780739500"
"093050","LF","4063224","4623936","560712","65040972620","71743700850","6702728230"
"377740","바이오노트","75719082","77274164","1555082","545918624465","552577460575","6658836110"
"102460","이연제약","8819840","9153233","333393","157822214420","164446936820","6624722400"
"007570","일양약품","6905740","7319710","413970","116518398030","123113174010","6594775980"
"006380","카프로","280847037","286615718","5768681","305666541337","312253659136","6587117799"
"010820","퍼스텍","693756255","694475080","718825","2886514293870","2893080728630","6566434760"
"012170","아센디오","181281454","187734035","6452581","193261341472","199810528876","6549187404"
"002710","TCC스틸","157233846","157399934","166088","5836912227880","5843393560850","6481332970"
"002880","대유에이텍","1117105042","1138001335","20896293","495595896201","501946092492","6350196291"
"002390","한독","3314423","3770470","456047","48503639830","54805637050","6301997220"
"010660","화천기계","479614933","480482269","867336","2078399317440","2084602786930","6203469490"
"031440","신세계푸드","865004","1001378","136374","36973984400","43156963900","6182979500"
"005500","삼진제약","10559451","10805625","246174","238421466260","244561863860","6140397600"
"002020","코오롱","3535873","3856071","320198","69749172180","75805054840","6055882660"
"030190","NICE평가정보","3364285","4078228","713943","31639057520","37666816000","6027758480"
"095570","AJ네트웍스","32558017","33656518","1098501","156195174185","162171905505","5976731320"
"002990","금호건설","27583140","28572928","989788","203794683500","209727546635","5932863135"
"011230","삼화전자","350653504","351099697","446193","2927898588530","2933646690280","5748101750"
"161000","애경케미칼","485293344","486173350","880006","9102853181840","9108594259090","5741077250"
"001790","대한제당","883071110","882983121","-87989","3209828840355","3215536849925","5708009570"
"021820","세원정공","4439648","5223027","783379","33367411180","39070012030","5702600850"
"104700","한국철강","19592262","20376166","783904","138310741180","143989599790","5678858610"
"007980","태평양물산","322398601","324778098","2379497","759044117345","764675879712","5631762367"
"417310","코람코더원리츠","3950458","5194208","1243750","18097458320","23491116310","5393657990"
"030610","교보증권","6496047","7553054","1057007","33915136995","39305392125","5390255130"
"003070","코오롱글로벌","53115772","53475125","359353","803531208240","808808557150","5277348910"
"005030","부산주공","110032156","120040418","10008262","57466594293","62690996360","5224402067"
"009160","SIMPAC","78847476","79843011","995535","443951759385","449111674350","5159914965"
"004970","신라교역","2180635","2752619","571984","20761693120","25917167360","5155474240"
"036580","팜스코","17851456","19323206","1471750","68142835240","73245898050","5103062810"
"003547","대신증권2우B","2668393","3071746","403353","33162802240","38262458970","5099656730"
"005610","SPC삼립","1260640","1351401","90761","88615219100","93711451800","5096232700"
"009470","삼화전기","86308927","86382873","73946","2124162525750","2129247216260","5084690510"
"003540","대신증권","7258526","7674978","416452","99382360070","104366746690","4984386620"
"006220","제주은행","374596832","375213989","617157","5681432105310","5686407797240","4975691930"
"011500","한농화성","305501484","305527442","25958","6158047191050","6163003450940","4956259890"
"004980","성신양회","77021516","77374569","353053","821470794160","826395894490","4925100330"
"006370","대구백화점","5863356","6271828","408472","69785543710","74688828780","4903285070"
"015360","예스코홀딩스","713160","865556","152396","23405356000","28302269250","4896913250"
"123700","SJM","112951895","114125100","1173205","588604322345","593489491410","4885169065"
"018500","동원금속","226246970","227376983","1130013","514079566609","518863082558","4783515949"
"004800","효성","3960642","4074661","114019","256217242600","260988173800","4770931200"
"014910","성문전자","235093419","237098321","2004902","564438238825","569194606876","4756368051"
"248170","샘표식품","30811447","30930186","118739","1124267918700","1128922729300","4654810600"
"084680","이월드","276446149","278794995","2348846","499778347815","504338446633","4560098818"
"017040","광명전기","276062782","277482174","1419392","757678945255","762183026400","4504081145"
"004100","태양금속","363860665","364154098","293433","1253492254738","1257960224388","4467969650"
"019170","신풍제약","70989230","70733661","-255569","1270739326720","1275182097580","4442770860"
"002460","화성산업","4462158","4922595","460437","46073516110","50449975280","4376459170"
"192400","쿠쿠홀딩스","14116499","14321366","204867","269531301990","273869608500","4338306510"
"152550","한국ANKOR유전","7019305544","7030656996","11351452","4298828907352","4303130560557","4301653205"
"357250","미래에셋맵스리츠","4073489","5425119","1351630","13446277470","17732193085","4285915615"
"005010","휴스틸","232197928","233153552","955624","1456328090695","1460610347235","4282256540"
"114090","GKL","38013006","39446723","1433717","663527079460","667792373580","4265294120"
"003560","IHQ","145083401","158043684","12960283","41657405474","45907902484","4250497010"
"003090","대웅","15203550","15576988","373438","252616967420","256850473250","4233505830"
"018470","조일알미늄","1511897841","1512334090","436249","4788293436365","4792476497420","4183061055"
"037560","LG헬로비전","51542432","52621881","1079449","220269491575","224376428950","4106937375"
"058850","KTcs","865776496","866030961","254465","3529223003445","3533325170835","4102167390"
"033920","무학","12228004","12950421","722417","69158237085","73251708335","4093471250"
"001200","유진투자증권","108699616","109465141","765525","415128826640","419180979910","4052153270"
"404990","신한서부티엔디리츠","4539139","5782849","1243710","16080508280","20068241355","3987733075"
"058860","KTis","328551984","329226249","674265","1248190202655","1252172995675","3982793020"
"003925","남양유업우","129953","145233","15280","36998282500","40928721000","3930438500"
"272550","삼양패키징","1900046","2148050","248004","32641408030","36532822540","3891414510"
"049800","우진플라임","35982226","37048456","1066230","148333341755","152187240775","3853899020"
"012750","에스원","2406055","2502339","96284","135573003750","139329670600","3756666850"
"000680","LS네트웍스","247433531","247963284","529753","1442929937145","1446646722080","3716784935"
"001510","SK증권","838078426","842640835","4562409","680034511132","683697612736","3663101604"
"015860","일진홀딩스","67756403","68530627","774224","314855973905","318383562300","3527588395"
"462520","조선내화","33873307","33956554","83247","1344314458360","1347775662740","3461204380"
"027410","BGF","22197369","23101199","903830","89326589110","92730399615","3403810505"
"014580","태경비케이","321338617","320940127","-398490","2551499401880","2554894714490","3395312610"
"091090","세원이앤씨","483549790","490829942","7280152","154422564750","157800900083","3378335333"
"011700","한신기계","193599390","193741221","141831","1139894792420","1143270696535","3375904115"
"293480","하나제약","9847991","10073642","225651","161085577750","164406771250","3321193500"
"00680K","미래에셋증권2우B","13470823","14404799","933976","49001172315","52316381625","3315209310"
"023960","에쓰씨엔지니어링","234377248","235960732","1583484","551355668735","554584784759","3229116024"
"115390","락앤락","8180030","8717147","537117","50369259470","53593293850","3224034380"
"001450","현대해상","18945998","19395429","449431","602319940150","605529828100","3209887950"
"035510","신세계 I&C","8725162","9041074","315912","127156924920","130299256670","3142331750"
"000850","화천기공","2145154","2241226","96072","81014629900","84149866000","3135236100"
"006390","한일현대시멘트","2341253","2514838","173585","40150056970","43283156810","3133099840"
"072130","유엔젤","221974588","222277868","303280","1164165028715","1167242375395","3077346680"
"100220","비상교육","68702568","69174397","471829","408246463040","411309149305","3062686265"
"011690","와이투솔루션","291548832","295162190","3613358","357419046037","360419668208","3000622171"
"000860","강남제비스코","3696551","3835762","139211","88526067310","91515004520","2988937210"
"004250","NPC","83887968","84244483","356515","582485096695","585460413865","2975317170"
"053690","한미글로벌","100262065","100315143","53078","3045537130820","3048508387150","2971256330"
"004960","한신공영","9972838","10327315","354477","80831569760","83796625080","2965055320"
"003160","디아이","43930087","44392655","462568","313484327060","316442207465","2957880405"
"001620","케이비아이동국실업","66758203","71119022","4360819","51151282176","54009239938","2857957762"
"079980","휴비스","155096396","155428718","332322","1317070427395","1319921034600","2850607205"
"000370","한화손해보험","47688805","48997984","1309179","208510948835","211334667445","2823718610"
"003545","대신증권우","6291541","6509688","218147","81587817340","84403042840","2815225500"
"002150","도화엔지니어링","67334333","67660550","326217","589333871710","592122149380","2788277670"
"015590","KIB플러그에너지","820971852","822471862","1500010","698057259932","700836356426","2779096494"
"005390","신성통상","155251998","156587865","1335867","336877072091","339629042002","2751969911"
"000215","DL우","532657","643614","110957","12957520920","15692683370","2735162450"
"45226K","한화갤러리아우","35989108","36185495","196387","550880510750","553574910625","2694399875"
"002795","아모레G우","2147267","2411242","263975","25197173630","27869433130","2672259500"
"060980","HL홀딩스","2483157","2578999","95842","83823536300","86417626900","2594090600"
"079430","현대리바트","10194618","10497746","303128","85883834930","88468713370","2584878440"
"37550L","DL이앤씨2우(전환)","611527","731981","120454","14421782900","17003232200","2581449300"
"003300","한일홀딩스","1199856","1433768","233912","13673272290","16227231690","2553959400"
"000910","유니온","426113428","426148013","34585","3435814616685","3438366576455","2551959770"
"034300","신세계건설","5774221","5907530","133309","121108110250","123573278480","2465168230"
"134380","미원화학","86586","124280","37694","5798565900","8232609900","2434044000"
"071320","지역난방공사","666241","765431","99190","17603690650","20017116750","2413426100"
"145210","다이나믹디자인","389015635","389793045","777410","2696858691935","2699270039475","2411347540"
"006060","화승인더","25326069","25914996","588927","97859478635","100237293845","2377815210"
"010770","평화홀딩스","36373558","36932188","558630","145848461820","148159427895","2310966075"
"025530","SJM홀딩스","67104606","67761348","656742","347106981625","349396140555","2289158930"
"226320","잇츠한불","15187648","15327933","140285","261224696770","263501053060","2276356290"
"004150","한솔홀딩스","10833994","11637897","803903","33466823520","35731792690","2264969170"
"133820","화인베스틸","21633367","23020950","1387583","44966892116","47203729662","2236837546"
"102260","동성케미컬","39368506","39792574","424068","195211911935","197425411210","2213499275"
"097230","HJ중공업","10767626","11363718","596092","43567103385","45757847810","2190744425"
"003350","한국화장품제조","23755857","23790149","34292","742869392400","744981504050","2112111650"
"123890","한국자산신탁","18146391","18978635","832244","56203956855","58283182955","2079226100"
"014530","극동유화","310476740","310927940","451200","1494423277105","1496486079425","2062802320"
"002210","동성제약","43317233","43336955","19722","287301375800","289352298790","2050922990"
"008350","남선알미늄","818278995","818085299","-193696","2156165780324","2158192872359","2027092035"
"453340","현대그린푸드","21811294","22131615","320321","263593143820","265615447030","2022303210"
"016450","한세예스24홀딩스","12200463","12610987","410524","60030190190","62050022050","2019831860"
"003530","한화투자증권","299061392","299634803","573411","929817008485","931827710285","2010701800"
"000140","하이트진로홀딩스","2552500","2766036","213536","23808454310","25672118930","1863664620"
"019440","세아특수강","9603639","9697406","93767","174530588060","176376799520","1846211460"
"013570","디와이","96981466","97218265","236799","677942656370","679774317040","1831660670"
"118000","에스메디","213658371","216554030","2895659","134581136868","136404216156","1823079288"
"083420","그린케미칼","70842449","70966429","123980","729426620560","731234026930","1807406370"
"011300","성안","274726899","274799405","72506","546854803125","548648411926","1793608801"
"003960","사조대림","4524339","4606419","82080","129243034150","131014501550","1771467400"
"001720","신영증권","279830","313287","33457","16085941900","17854277800","1768335900"
"091810","티웨이항공","234304486","237749159","3444673","708111722435","709852011618","1740289183"
"005320","국동","158487982","160024072","1536090","160680465698","162400673107","1720207409"
"026940","부국철강","255124932","255160562","35630","1128184831840","1129896857345","1712025505"
"001465","BYC우","39852","50402","10550","5854433900","7533276600","1678842700"
"036530","SNT홀딩스","2274946","2381427","106481","37166218580","38809036480","1642817900"
"000725","현대건설우","2885763","2911673","25910","196556854400","198195448400","1638594000"
"071090","하이스틸","202690910","202864658","173748","893992963285","895577102000","1584138715"
"072710","농심홀딩스","598592","624763","26171","40458385000","42037371000","1578986000"
"111110","호전실업","8643503","8873854","230351","71003159640","72565797030","1562637390"
"465770","STX그린로지스","107100849","107139999","39150","2087612230140","2089163728890","1551498750"
"003920","남양유업","435225","441975","6750","226717570000","228261874500","1544304500"
"003580","HLB글로벌","54152874","54382824","229950","299326157825","300864078990","1537921165"
"005740","크라운해태홀딩스","8532665","8761784","229119","57552686230","59068867820","1516181590"
"012610","경인양행","37158223","37420803","262580","182063591170","183579566345","1515975175"
"006660","삼성공조","9089615","9181357","91742","106410580600","107911106900","1500526300"
"308170","씨티알모빌리티","31840540","31877426","36886","517333184780","518832395650","1499210870"
"005750","대림B&Co","17503355","17861126","357771","71221364975","72706035950","1484670975"
"090080","평화산업","402756463","402848113","91650","693237005284","694710475202","1473469918"
"002140","고려산업","254151574","254058325","-93249","1080897087110","1082355856290","1458769180"
"009810","플레이그램","124124998","125972346","1847348","100747332855","102192969616","1445636761"
"009320","대우부품","102376758","103205763","829005","184136995491","185571675674","1434680183"
"163560","동일고무벨트","10298731","10513165","214434","68848678030","70262659320","1413981290"
"001500","현대차증권","5347059","5523645","176586","47082223440","48488957240","1406733800"
"45014K","코오롱모빌리티그룹우","28227428","28289613","62185","548943937610","550327056830","1383119220"
"005880","대한해운","428263955","429179814","915859","872285664768","873662033935","1376369167"
"005305","롯데칠성우","195778","217090","21312","13375356500","14736321600","1360965100"
"00088K","한화3우B","5282886","5425100","142214","76060208320","77412771040","1352562720"
"102280","쌍방울","794238142","797764620","3526478","260748474754","262096201243","1347726489"
"005110","한창","364371074","365309820","938746","254043523176","255370043063","1326519887"
"000390","삼화페인트","18439195","18690082","250887","118836030190","120156322910","1320292720"
"204210","모두투어리츠","9662608","10036529","373921","68270396150","69582880080","1312483930"
"023800","인지컨트롤스","84167642","84138219","-29423","861892261070","863195998890","1303737820"
"016610","DB금융투자","6858062","7196648","338586","28504008055","29787240465","1283232410"
"088260","이리츠코크렙","3111507","3393482","281975","15996300210","17271468435","1275168225"
"000220","유유제약","75516466","75732376","215910","456496197945","457764338955","1268141010"
"008770","호텔신라","45263375","46533375","1270000","3605214620300","3606482736900","1268116600"
"006880","신송홀딩스","160033931","160065668","31737","1668237276150","1669465048470","1227772320"
"009440","KC그린홀딩스","142491851","142645506","153655","579440383735","580667954525","1227570790"
"005800","신영와코루","1256180","1382698","126518","12634634510","13858925300","1224290790"
"002410","범양건영","72948988","73205572","256584","227918021593","229138313664","1220292071"
"001210","금호전기","83504594","84619203","1114609","91021528234","92236286520","1214758286"
"014990","인디에프","367179607","367598510","418903","465863715844","467075304227","1211588383"
"016090","대현","25459649","26013156","553507","54927540226","56102407170","1174866944"
"051630","진양화학","26362723","26627363","264640","94818561645","95990123895","1171562250"
"004270","남성","353354513","353580416","225903","887757693470","888924860958","1167167488"
"009200","무림페이퍼","44659919","45120695","460776","111897391440","113061542205","1164150765"
"078935","GS우","599616","634162","34546","20886433700","22043586650","1157152950"
"021050","서원","838439922","838417380","-22542","1675274263294","1676419272363","1145009069"
"014790","HL D&I","16266677","16738399","471722","44275446771","45416189687","1140742916"
"001780","알루코","618794052","618900449","106397","2449623006630","2450762126135","1139119505"
"067830","세이브존I&C","10710314","11143984","433670","29822348640","30948953405","1126604765"
"101530","해태제과식품","5509016","5691422","182406","34038068230","35131047385","1092979155"
"004430","송원산업","43320597","43517740","197143","825705064970","826758562540","1053497570"
"092440","기신정기","5249987","5560084","310097","17853110450","18889501540","1036391090"
"002450","삼익악기","16582299","17455402","873103","19999224570","21026913951","1027689381"
"011420","갤럭시아에스엠","314868058","315038822","170764","918232316669","919249393542","1017076873"
"168490","한국패러랠","18334436","19291796","957360","21893651950","22908518051","1014866101"
"010040","한국내화","170535708","170528164","-7544","668339729910","669331424410","991694500"
"003830","대한화섬","90699","100226","9527","10516901400","11503912900","987011500"
"155660","DSR","8179921","8407607","227686","42819617210","43805855810","986238600"
"010690","화신","154401975","154566873","164898","2139037160900","2140006837540","969676640"
"214320","이노션","2323915","2402392","78477","87056770350","88020706800","963936450"
"001750","한양증권","2204439","2311918","107479","20203387150","21164885730","961498580"
"008870","금비","2924105","2929811","5706","309797980700","310759108700","961128000"
"094800","맵스리얼티1","5596610","5874880","278270","22862529035","23823639995","961110960"
"068290","삼성출판사","31827981","31866930","38949","642027790250","642981188370","953398120"
"138490","코오롱플라스틱","82061383","82050982","-10401","768403878460","769343204170","939325710"
"011390","부산산업","1266475","1277669","11194","94946652700","95866762100","920109400"
"007110","일신석재","157236893","158098519","861626","202834519900","203749828347","915308447"
"101140","인바이오젠","69906527","70661934","755407","54547441933","55454663068","907221135"
"020120","키다리스튜디오","53583583","53739939","156356","426620625210","427505654110","885028900"
"009180","한솔로지스틱스","26493950","26827372","333422","74438877775","75311843025","872965250"
"004440","삼일씨엔에스","8199919","8366899","166980","40259294330","41125958940","866664610"
"00499K","롯데지주우","279107","298806","19699","11560606100","12427147650","866541550"
"024890","대원화성","209085059","209157079","72020","602169489809","603029439005","859949196"
"33637K","솔루스첨단소재1우","8803431","8887806","84375","69862075670","70702058755","839983085"
"013700","까뮤이앤씨","67850499","68219996","369497","130690429083","131528250703","837821620"
"023590","다우기술","11553945","11597441","43496","234491823440","235307400270","815576830"
"002760","보락","211795552","212138607","343055","383844585759","384658935510","814349751"
"024070","WISCOM","3723072","4009946","286874","10523690660","11315148910","791458250"
"003480","한진중공업홀딩스","8732335","8947768","215433","32033388580","32824407155","791018575"
"350520","이지스레지던스리츠","2224542","2442714","218172","8499414715","9290391800","790977085"
"000050","경방","1268136","1349984","81848","12064448350","12829833300","765384950"
"003475","유안타증권우","2874065","3170601","296536","7424984565","8190183565","765199000"
"006200","한국전자홀딩스","133419869","134096098","676229","169062839788","169816769290","753929502"
"003075","코오롱글로벌우","6397485","6419900","22415","174480786610","175208395610","727609000"
"004540","깨끗한나라","58700891","58946750","245859","166643260058","167351991877","708731819"
"012690","모나리자","16597866","16851354","253488","46521838735","47229940740","708102005"
"025620","제이준코스메틱","22488939","22551727","62788","194447172010","195133189700","686017690"
"003460","유화증권","2335616","2627398","291782","5414119060","6070411840","656292780"
"025750","한솔홈데코","100551705","101035596","483891","109330293374","109982692535","652399161"
"004910","조광페인트","6665102","6776029","110927","48781521720","49433009440","651487720"
"010420","한솔PNS","13343055","13799058","456003","19947798683","20596180433","648381750"
"004830","덕성","527713278","527398558","-314720","4555257905650","4555887611770","629706120"
"145995","삼양사우","227152","248504","21352","6119216200","6731295050","612078850"
"008600","윌비스","124693555","125809961","1116406","80747847639","81346254712","598407073"
"001550","조비","19503357","19526236","22879","301824132240","302421078050","596945810"
"013000","세우글로벌","33212112","33630765","418653","50257446092","50847735570","590289478"
"031820","콤텍시스템","800338795","799611655","-727140","706981331093","707571242520","589911427"
"002620","제일파마홀딩스","23050091","23074244","24153","335212887230","335773543430","560656200"
"004870","티웨이홀딩스","87017127","88245435","1228308","52660867282","53219232809","558365527"
"003680","한성기업","14216367","14288457","72090","81837133275","82391662060","554528785"
"129260","인터지스","15335482","15578282","242800","39453310655","40004204085","550893430"
"001340","백광산업","435075929","434785261","-290668","3617909209870","3618459116135","549906265"
"010960","삼호개발","6367704","6529266","161562","22910894680","23453271540","542376860"
"096300","베트남개발1","1262690368","1264534340","1843972","269357538894","269894309843","536770949"
"004560","현대비앤지스틸","83500990","83486432","-14558","1335243038360","1335777114130","534075770"
"372910","한컴라이프케어","84003876","84043800","39924","500790770285","501321805240","531034955"
"002220","한일철강","27923886","28087405","163519","95329510085","95859910285","530400200"
"012200","계양전기","10043024","10266548","223524","23367206278","23895905788","528699510"
"058650","세아홀딩스","120079","124815","4736","14132962400","14625315900","492353500"
"000087","하이트진로2우B","254285","285473","31188","4077126630","4561873970","484747340"
"001250","GS글로벌","488339333","488351867","12534","1464198953985","1464676469870","477515885"
"028100","동아지질","4869534","4889542","20008","63307614050","63785075180","477461130"
"034590","인천도시가스","444899","462001","17102","11834277250","12287188100","452910850"
"004060","SG세계물산","418653336","419414128","760792","227614548438","228054727196","440178758"
"001260","남광토건","11861915","11906621","44706","119955892550","120392274250","436381700"
"015020","이스타코","40375473","40831344","455871","33005044663","33434353440","429308777"
"33637L","솔루스첨단소재2우B","3025773","3068433","42660","34687824510","35110453090","422628580"
"005820","원림","2712211","2741254","29043","59998659520","60405684300","407024780"
"271980","제일약품","10265150","10276237","11087","201365189450","201766768700","401579250"
"03473K","SK우","194322","196842","2520","27962383400","28363133500","400750100"
"008970","동양철관","165609999","165849527","239528","171015659195","171391696192","376036997"
"020760","일진디스플","83196670","83351021","154351","109602473851","109976090108","373616257"
"001290","상상인증권","62216747","62734468","517721","50295265837","50660571647","365305810"
"033250","체시스","496101213","495299609","-801604","944284715121","944638063937","353348816"
"37550K","DL이앤씨우","665862","686478","20616","13185320940","13538234170","352913230"
"130660","한전산업","73732825","73710824","-22001","637790094320","638136739270","346644950"
"007815","코리아써우","17488361","17525503","37142","146699507940","147044357970","344850030"
"009070","KCTC","15911535","15996103","84568","68675403850","69017782730","342378880"
"950210","프레스티지바이오파마","49672232","49643135","-29097","548103077370","548439730170","336652800"
"011090","에넥스","29069845","29567132","497287","19727203911","20063005990","335802079"
"014440","영보화학","36342040","36429243","87203","142980557070","143315297795","334740725"
"38380K","LX홀딩스1우","6330440","6356405","25965","83706005250","84028365390","322360140"
"33626K","두산퓨얼셀1우","4066785","4125223","58438","34362568170","34659303000","296734830"
"007810","코리아써키트","113792796","113800856","8060","2092888355590","2093181320850","292965260"
"004140","동방","76991495","76856065","-135430","173842722960","174128692336","285969376"
"339770","교촌에프앤비","5052899","5078034","25135","43396857640","43680938070","284080430"
"000890","보해양조","103077554","103553616","476062","59930979564","60211445459","280465895"
"023150","MH에탄올","9539487","9571851","32364","74742895550","75022373070","279477520"
"009310","참엔지니어링","105109565","105367035","257470","61599775216","61876492711","276717495"
"004985","성신양회우","9142162","9156225","14063","148113818680","148389997690","276179010"
"002630","오리엔트바이오","140202262","140462074","259812","99925847561","100192003511","266155950"
"33626L","두산퓨얼셀2우B","2391658","2422071","30413","26006442510","26270102520","263660010"
"107590","미원홀딩스","152376","155343","2967","14614222600","14871400000","257177400"
"011280","태림포장","16099078","16220141","121063","43793452950","44046972920","253519970"
"008040","사조동아원","374582569","374456328","-126241","410437076050","410687762196","250686146"
"007120","미래아이앤지","855960176","854109762","-1850414","488595279431","488843804838","248525407"
"001380","SG글로벌","81470766","81543482","72716","128352953886","128598768209","245814323"
"001020","페이퍼코리아","42970769","43227083","256314","43425061174","43670775338","245714164"
"006340","대원전선","116512329","116531041","18712","139948537709","140180907050","232369341"
"019175","신풍제약우","1344865","1350140","5275","41125762190","41352740360","226978170"
"28513K","SK케미칼우","1865380","1870004","4624","62640316750","62867155950","226839200"
"013360","일성건설","136488038","136448474","-39564","300003552509","300226845252","223292743"
"001770","SHD","1214489","1226921","12432","35602828400","35802627750","199799350"
"009770","삼정펄프","333705","341313","7608","8546343300","8730158100","183814800"
"002600","조흥","17004","18038","1034","3375055000","3549212000","174157000"
"005725","넥센우","229561","285451","55890","686503615","856338780","169835165"
"078000","텔코웨어","1859067","1886089","27022","17783763740","17947877760","164114020"
"002690","동일제강","28113365","28126657","13292","69005948237","69161059531","155111294"
"003535","한화투자증권우","7106275","7126454","20179","60456280635","60593173950","136893315"
"000075","삼양홀딩스우","40714","43171","2457","2184348500","2314572400","130223900"
"010640","진양폴리","43527611","43453426","-74185","252295790300","252420788890","124998590"
"023350","한국종합기술","36272470","36257209","-15261","244359334320","244481893560","122559240"
"094280","효성ITX","2605413","2621557","16144","34052385960","34173580410","121194450"
"002870","신풍","34546146","34680502","134356","35737372828","35856779285","119406457"
"090355","노루페인트우","2288589","2294850","6261","47765386380","47877550910","112164530"
"010400","우진아이엔에스","16301930","16333047","31117","117430436355","117535856865","105420510"
"002025","코오롱우","796036","802456","6420","12261396000","12365436220","104040220"
"003080","성보화학","17731202","17757177","25975","56239143030","56335904005","96760975"
"002070","비비안","156924847","156840901","-83946","260340579735","260436661313","96081578"
"069640","한세엠케이","15138339","15162462","24123","47366645910","47456507980","89862070"
"070960","용평리조트","10299372","10315705","16333","33237090525","33325985675","88895150"
"001065","JW중외제약우","114292","116405","2113","3792783150","3864507050","71723900"
"063160","종근당바이오","5483211","5478700","-4511","135712029520","135782167910","70138390"
"084670","동양고속","307420","312297","4877","4379618090","4444568250","64950160"
"009415","태영건설우","9307307","9312199","4892","55653357165","55716600825","63243660"
"000225","유유제약1우","23685942","23683955","-1987","163253044670","163313033095","59988425"
"007590","동방아그로","3184401","3197823","13422","20807629560","20866645340","59015780"
"011150","CJ씨푸드","216727476","216584778","-142698","775281027265","775337801380","56774115"
"001515","SK증권우","3143595","3158752","15157","8676813332","8716003152","39189820"
"36328K","티와이홀딩스우","2705924","2713206","7282","31222669470","31258224270","35554800"
"005250","녹십자홀딩스","7702051","7715067","13016","117587713240","117622806130","35092890"
"140910","에이리츠","1113445","1119520","6075","4025375360","4057631000","32255640"
"005745","크라운해태홀딩스우","399259","402097","2838","4345700040","4377143140","31443100"
"027970","한국제지","34225092","34256724","31632","45730818209","45759770143","28951934"
"010145","삼성중공우","804598","804900","302","67306060650","67333046955","26986305"
"139990","아주스틸","8065244","8072744","7500","75655034870","75681127130","26092260"
"000210","DL","6783038","6750940","-32098","316537173050","316562456600","25283550"
"014915","성문전자우","822075","825603","3528","7040708380","7064576220","23867840"
"001067","JW중외제약2우B","20850","21159","309","1272212800","1292233300","20020500"
"002420","세기상사","3416951","3417895","944","26275538720","26292306070","16767350"
"008355","남선알미우","1576921","1576933","12","52434004340","52448233700","14229360"
"011155","CJ씨푸드1우","405692","406238","546","10484426170","10497690340","13264170"
"005430","한국공항","2144110","2160406","16296","91748036150","91760852650","12816500"
"001527","동양2우B","850506","851567","1061","10150791320","10163523590","12732270"
"000227","유유제약2우B","1563583","1564109","526","23726185350","23737393980","11208630"
"227840","현대코퍼레이션홀딩스","3784449","3792624","8175","42621060950","42631169000","10108050"
"006345","대원전선우","976187","979163","2976","2430962895","2438651445","7688550"
"26490K","크라운제과우","3862440","3863859","1419","46426722780","46432873520","6150740"
"002785","진흥기업우B","275202","276283","1081","1338451835","1343764585","5312750"
"002820","SUN&L","4395069","4389980","-5089","13045765785","13048835360","3069575"
"007575","일양약품우","177986","178140","154","3117859110","3120787870","2928760"
"012205","계양전기우","534014","534432","418","2463549810","2465990280","2440470"
"00806K","대덕1우","2819858","2819606","-252","30437593720","30439704700","2110980"
"001525","동양우","987096","987143","47","5927843285","5928172085","328800"
"005965","동부건설우","763634","763637","3","24509725750","24509643900","-81850"
"000885","한화우","416567","416628","61","14694866200","14693785600","-1080600"
"005257","녹십자홀딩스2우","303686","303579","-107","10581440150","10577906200","-3533950"
"004565","현대비앤지스틸우","829856","829924","68","19748244540","19744476870","-3767670"
"143210","핸즈코퍼레이션","5605517","5601409","-4108","18738292900","18734246185","-4046715"
"005360","모나미","135527098","135490063","-37035","557179010945","557174458260","-4552685"
"002995","금호건설우","222929","223060","131","5037077490","5031753000","-5324490"
"002787","진흥기업2우B","109773","109138","-635","1347303070","1340228450","-7074620"
"014825","동원시스템즈우","80052","79764","-288","2245100250","2237917950","-7182300"
"032560","황금에스티","65295589","65202247","-93342","574470950690","574461977110","-8973580"
"000145","하이트진로홀딩스우","89969","89185","-784","1151283660","1141755240","-9528420"
"001755","한양증권우","343098","342574","-524","4758689090","4746417200","-12271890"
"004545","깨끗한나라우","721693","720826","-867","12876170170","12858633190","-17536980"
"004415","서울식품우","1661373","1652455","-8918","3599956885","3580782949","-19173936"
"002355","넥센타이어1우B","3326979","3318963","-8016","10499738935","10476042765","-23696170"
"001745","SK네트웍스우","909575","909214","-361","27198918460","27174968480","-23949980"
"003495","대한항공우","837292","836894","-398","23191098200","23165851700","-25246500"
"000650","천일고속","52315","51805","-510","2740136750","2711480100","-28656650"
"030720","동원수산","15556404","15510668","-45736","144980679620","144951881680","-28797940"
"000545","흥국화재우","1983544","1975396","-8148","13572489055","13540623935","-31865120"
"014285","금강공업우","489451","486214","-3237","5486556690","5452337470","-34219220"
"003465","유화증권우","183024","167805","-15219","430258660","393771415","-36487245"
"18064K","한진칼우","2222095","2220837","-1258","67247750500","67199983350","-47767150"
"00781K","코리아써키트2우B","6721410","6720544","-866","90759774910","90706052180","-53722730"
"000230","일동홀딩스","38076169","38097160","20991","520953915620","520899279720","-54635900"
"35320K","대덕전자1우","3701587","3695619","-5968","41793347160","41733226490","-60120670"
"025890","한국주강","24320469","24236199","-84270","85119243430","85046709410","-72534020"
"069730","DSR제강","14241008","14278181","37173","76544223910","76468967240","-75256670"
"019490","하이트론","11271115","11215060","-56055","21764327162","21686894937","-77432225"
"029530","신도리코","1109861","1115782","5921","37410131800","37325494750","-84637050"
"000157","두산2우B","868681","865633","-3048","96057653500","95969432700","-88220800"
"008500","일정실업","1091525","1086924","-4601","14446076930","14353230980","-92845950"
"075180","새론오토모티브","1155054","1136742","-18312","5355341150","5257115790","-98225360"
"005870","휴니드","177015913","177000716","-15197","1423412380350","1423312879480","-99500870"
"214330","금호에이치티","188010364","188165372","155008","158618688389","158518371176","-100317213"
"108675","LX하우시스우","1393235","1389065","-4170","31822499380","31716393680","-106105700"
"006570","대림통상","10418709","10393322","-25387","41831091775","41722135165","-108956610"
"004410","서울식품","653504233","651623561","-1880672","141326549288","141194655481","-131893807"
"000995","DB하이텍1우","713978","712129","-1849","42560492730","42427143330","-133349400"
"000760","이화산업","11484613","11483221","-1392","317863921640","317718267120","-145654520"
"001420","태원물산","3955611","3929579","-26032","20663085540","20516348385","-146737155"
"004450","삼화왕관","1561490","1557433","-4057","60414701300","60255542000","-159159300"
"004255","NPC우","19173454","19124408","-49046","68624695750","68448295670","-176400080"
"084870","TBH글로벌","21912382","21827484","-84898","42337305553","42155806684","-181498869"
"000547","흥국화재2우B","1270995","1215641","-55354","12710390080","12528833705","-181556375"
"128820","대성산업","135245410","135180681","-64729","562787457055","562594452455","-193004600"
"002920","유성기업","6531208","6462738","-68470","19456560520","19260713995","-195846525"
"009140","경인전자","1943068","1934999","-8069","48232331560","48035880130","-196451430"
"004700","조광피혁","353406","349114","-4292","18893655400","18689710900","-203944500"
"001685","대상우","25815877","25803944","-11933","705410854950","705206052200","-204802750"
"012800","대창","927004755","925716921","-1287834","1666011499305","1665803836329","-207662976"
"006980","우성","1405401","1404657","-744","31409540410","31199324850","-210215560"
"044380","주연테크","102948599","102530675","-417924","76705528453","76493677523","-211850930"
"001630","종근당홀딩스","936309","934261","-2048","51909591700","51662314150","-247277550"
"000325","노루홀딩스우","1788894","1782593","-6301","68267875160","68018573650","-249301510"
"005945","NH투자증권우","5735233","5705186","-30047","53454627730","53198030140","-256597590"
"023000","삼원강재","30554332","30461453","-92879","103705096395","103443090955","-262005440"
"039570","HDC랩스","2351313","2322300","-29013","19220994070","18958492780","-262501290"
"002240","고려제강","31495674","31423122","-72552","802852634270","802580317450","-272316820"
"009460","한창제지","22755373","22656691","-98682","28556293185","28263089028","-293204157"
"134790","시디즈","1544199","1547598","3399","60474564250","60167051000","-307513250"
"088790","진도","8512449","8453180","-59269","22372402713","22063564024","-308838689"
"006805","미래에셋증권우","3620806","3544051","-76755","14097150745","13774060875","-323089870"
"019180","티에이치엔","39266946","39265846","-1100","146237891015","145902336720","-335554295"
"027740","마니커","196553780","196124006","-429774","270946313027","270584367211","-361945816"
"002780","진흥기업","123348771","122996729","-352042","158054341053","157688705061","-365635992"
"001275","부국증권우","141454","121268","-20186","2663645010","2282846230","-380798780"
"000950","전방","451998","442323","-9675","16616986050","16233961900","-383024150"
"002360","SH에너지화학","451838884","451350570","-488314","377432382600","377035523766","-396858834"
"084695","대상홀딩스우","31805568","31775641","-29927","1219210729270","1218812378130","-398351140"
"002700","신일전자","160582390","160261530","-320860","314702324377","314297084516","-405239861"
"100250","진양홀딩스","9492746","9345232","-147514","30794474015","30388363675","-406110340"
"008775","호텔신라우","430186","424298","-5888","23738117550","23331925850","-406191700"
"120030","조선선재","1323967","1317332","-6635","142273433700","141848936200","-424497500"
"000040","KR모터스","296626846","295469714","-1157132","195624478407","195194386956","-430091451"
"090370","메타랩스","75818071","75667921","-150150","279389943131","278952332982","-437610149"
"015540","에코바이브","90372432","83598471","-6773961","8887154960","8444899418","-442255542"
"017180","명문제약","26494672","26289956","-204716","66912707228","66467266305","-445440923"
"014710","사조씨푸드","48845003","48584598","-260405","255195105845","254749417565","-445688280"
"001270","부국증권","401717","379380","-22337","8343283220","7888041550","-455241670"
"012160","영흥","19623535","18950915","-672620","13686135541","13227121158","-459014383"
"117580","대성에너지","193237003","193179612","-57391","1995279212220","1994814514940","-464697280"
"093240","형지엘리트","127708524","127333738","-374786","198105814654","197639068868","-466745786"
"003850","보령","59849159","60011889","162730","606345251270","605874421420","-470829850"
"000970","한국주철관","4987507","4919718","-67789","35090396950","34574530080","-515866870"
"004840","DRB동일","10604140","10492306","-111834","55812273635","55293327215","-518946420"
"145270","케이탑리츠","26166782","25541196","-625586","26679932489","26143975063","-535957426"
"214420","토니모리","51385669","51180843","-204826","286590411765","286053335150","-537076615"
"077970","STX엔진","16594969","16577519","-17450","231197259430","230658313540","-538945890"
"071950","코아스","169453707","168657621","-796086","133284885341","132714072243","-570813098"
"002200","한국수출포장","53145262","52915685","-229577","202634626245","202045028975","-589597270"
"008420","문배철강","52194217","51947296","-246921","185825202565","185235430175","-589772390"
"014280","금강공업","116596155","116356062","-240093","797094792225","796479839240","-614952985"
"017900","광전자","322627342","322029272","-598070","1007710125527","1007085063996","-625061531"
"003650","미창석유","282937","273639","-9298","19899340800","19263219300","-636121500"
"019685","대교우B","34385956","34042483","-343473","64688276271","64039828052","-648448219"
"306200","세아제강","2004776","2008999","4223","291258857700","290583678800","-675178900"
"023450","동남합성","286203","274044","-12159","12746959000","12062278900","-684680100"
"317400","자이에스앤디","21449466","21505093","55627","138579161640","137877710870","-701450770"
"004835","덕성우","62462286","62391495","-70791","982560844330","981858264740","-702579590"
"001795","대한제당우","151662765","151221262","-441503","529180200675","528470499955","-709700720"
"001440","대한전선","842485433","834824322","-7661111","2357074998881","2356362982901","-712015980"
"001725","신영증권우","98999","85603","-13396","5617098200","4867849600","-749248600"
"012280","영화금속","71117088","70438858","-678230","71867410435","71097120221","-770290214"
"004365","세방우","1755298","1655277","-100021","16067155500","15272557740","-794597760"
"264900","크라운제과","11555358","11461376","-93982","106553697470","105752941030","-800756440"
"014160","대영포장","28136783","27524136","-612647","38095252773","37198350137","-896902636"
"013870","지엠비코리아","8518295","8347501","-170794","42470932465","41532905795","-938026670"
"015260","에이엔피","63878263","63310436","-567827","123907068320","122940589632","-966478688"
"120115","코오롱인더우","1358982","1320779","-38203","34862627700","33826748750","-1035878950"
"003780","진양산업","17725410","17549292","-176118","120209204240","119166825890","-1042378350"
"244920","에이플러스에셋","12098135","11895217","-202918","55350665755","54277175610","-1073490145"
"004720","팜젠사이언스","56584173","56317555","-266618","367010971600","365870258990","-1140712610"
"008250","이건산업","14513484","14338563","-174921","114513623860","113368679090","-1144944770"
"002720","국제약품","349722046","349334627","-387419","2016912467135","2015760992040","-1151475095"
"041650","상신브레이크","72630364","72294485","-335879","288997254455","287836449330","-1160805125"
"023810","인팩","27882959","27746997","-135962","304284714710","303105041740","-1179672970"
"006125","SK디스커버리우","1083272","1046930","-36342","32532850400","31352583450","-1180266950"
"004105","태양금속우","85801369","85549062","-252307","773957959495","772707855015","-1250104480"
"035000","HS애드","8336753","8139436","-197317","53453836700","52203729430","-1250107270"
"016800","퍼시스","199946","155492","-44454","6021803400","4679769600","-1342033800"
"044820","코스맥스비티아이","2116548","1993771","-122777","20382672260","19017601080","-1365071180"
"092200","디아이씨","176498139","175924841","-573298","997581740760","996203782135","-1377958625"
"006490","인스코비","114161153","113343055","-818098","162488499311","161064734004","-1423765307"
"008700","아남전자","399462220","398339482","-1122738","866079519866","864596600617","-1482919249"
"096760","JW홀딩스","13545917","13194957","-350960","48339204435","46828275945","-1510928490"
"001130","대한제분","335712","325563","-10149","46761315900","45195551900","-1565764000"
"019680","대교","37296474","36651704","-644770","109197753730","107620870660","-1576883070"
"002170","삼양통상","194447","163667","-30780","9677209550","8099592050","-1577617500"
"001080","만호제강","3027427","3014315","-13112","144281534150","142653168450","-1628365700"
"037710","광주신세계","1345012","1308922","-36090","45062645100","43420024900","-1642620200"
"049770","동원F&B","1583419","1568973","-14446","62836818750","61188572450","-1648246300"
"000590","CS홀딩스","360347","332947","-27400","21720019200","20070115900","-1649903300"
"002100","경농","75974219","75860403","-113816","972715886410","971057224380","-1658662030"
"267850","아시아나IDT","84178792","84044034","-134758","1515938013750","1514228614530","-1709399220"
"008060","대덕","9177091","8941543","-235548","60373412470","58634119700","-1739292770"
"000180","성창기업지주","99602325","98727164","-875161","218902069333","217154171764","-1747897569"
"097520","엠씨넥스","14223980","14191508","-32472","427921572000","426154934100","-1766637900"
"001070","대한방직","7660136","7604576","-55560","147813486460","145984130670","-1829355790"
"014680","한솔케미칼","5273334","5323410","50076","1075761299400","1073925273400","-1836026000"
"001880","DL건설","2440291","2298648","-141643","32765170670","30927694120","-1837476550"
"002320","한진","6608131","6642163","34032","145990338990","144143127920","-1847211070"
"003610","방림","55546618","55406622","-139996","237018475948","235156220885","-1862255063"
"003280","흥아해운","867577621","866138401","-1439220","1958056915249","1956165139437","-1891775812"
"003010","혜인","144246540","143851185","-395355","1026812033640","1024823745290","-1988288350"
"003060","에이프로젠바이오로직스","1035183883","1031846862","-3337021","485161012990","483144752025","-2016260965"
"451800","한화리츠","6127286","5846011","-281275","30048572450","28007128520","-2041443930"
"000520","삼일제약","31699102","31510748","-188354","242769993900","240720932100","-2049061800"
"214390","경보제약","90438814","90110841","-327973","773956838370","771852611840","-2104226530"
"000430","대원강업","260811370","259875696","-935674","1679123030870","1676972852470","-2150178400"
"017550","수산중공업","94489802","93473481","-1016321","261680156381","259459604533","-2220551848"
"013520","화승코퍼레이션","97204106","96062267","-1141839","212076882765","209815574537","-2261308228"
"123690","한국화장품","59124469","58931170","-193299","581328785340","579066382540","-2262402800"
"378850","화승알앤에이","35025089","34480742","-544347","152225255320","149912829780","-2312425540"
"282690","동아타이어","2842966","2659448","-183518","33560372300","31233787520","-2326584780"
"089860","롯데렌탈","6865002","6804877","-60125","186736516400","184398890350","-2337626050"
"001520","동양","52019237","49879606","-2139631","54545425787","52166576269","-2378849518"
"001045","CJ우","363484","315728","-47756","17659159650","15242828150","-2416331500"
"001560","제일연마","2851213","2564214","-286999","26905653000","24460994430","-2444658570"
"004770","써니전자","294006465","293043838","-962627","942811958400","940262989645","-2548968755"
"024090","디씨엠","2676082","2444343","-231739","34990465760","32228215850","-2762249910"
"007280","한국특강","10562220","9208505","-1353715","21089607975","18320431750","-2769176225"
"100840","SNT에너지","20233868","20028874","-204994","503230998400","500460003360","-2770995040"
"004360","세방","69238476","69684046","445570","1407864881240","1405015696570","-2849184670"
"145990","삼양사","5695684","5628401","-67283","259566538650","256693895600","-2872643050"
"005720","넥센","3352691","2716766","-635925","14417024895","11515719950","-2901304945"
"014130","한익스프레스","73189028","72740052","-448976","534586411710","531674411515","-2912000195"
"085310","엔케이","62087026","59102369","-2984657","62396097388","59483007205","-2913090183"
"058730","다스코","39810879","39190821","-620058","188086845895","185126308070","-2960537825"
"000105","유한양행우","398948","349767","-49181","24124697400","20998118500","-3126578900"
"004920","씨아이테크","194851303","191786820","-3064483","368679931929","365378150343","-3301781586"
"003555","LG우","876432","828307","-48125","55631211500","52326798500","-3304413000"
"338100","NH프라임리츠","2947176","2155220","-791956","12557431360","9077348210","-3480083150"
"006890","태경케미컬","24639330","24368788","-270542","343988404110","340480499890","-3507904220"
"334890","이지스밸류리츠","6587265","5780657","-806608","29829819155","26308222720","-3521596435"
"009680","모토닉","2711713","2317199","-394514","23972589740","20366089270","-3606500470"
"006090","사조오양","4727922","4261920","-466002","40992704800","37212802080","-3779902720"
"033240","자화전자","32922741","32924936","2195","955548182250","951701181650","-3847000600"
"006405","삼성SDI우","699570","697019","-2551","220105853500","216186563000","-3919290500"
"092780","동양피스톤","13956569","13224516","-732053","72620169600","68699853890","-3920315710"
"293940","신한알파리츠","11038609","10508284","-530325","67687927490","63759202860","-3928724630"
"016740","두올","210801052","209161068","-1639984","863003713310","859030579120","-3973134190"
"047040","대우건설","209580135","210175056","594921","913380335205","909361070470","-4019264735"
"00104K","CJ4우(전환)","945031","911361","-33670","65452501600","61429248000","-4023253600"
"071055","한국금융지주우","2056066","1960465","-95601","86307670250","82070288350","-4237381900"
"000400","롯데손해보험","265286402","263803050","-1483352","711833293697","707520493096","-4312800601"
"058430","포스코스틸리온","67309839","67178076","-131763","4378475777000","4374140423000","-4335354000"
"234080","JW생명과학","4341470","4013534","-327936","56670632390","52030715660","-4639916730"
"383220","F&F","14276440","14372602","96162","1705121233900","1700442972500","-4678261400"
"000700","유수홀딩스","3841986","3121901","-720085","24646040660","19898090860","-4747949800"
"029460","케이씨","4520682","4306744","-213938","86765138550","82003162550","-4761976000"
"008110","대동전자","6906591","6310289","-596302","52527326605","47699674390","-4827652215"
"034220","LG디스플레이","163441666","164588285","1146619","2363891606200","2358931470540","-4960135660"
"007540","샘표","12590880","12476337","-114543","832150172400","827009615400","-5140557000"
"344820","KCC글라스","3726349","3634433","-91916","156264338450","151110116950","-5154221500"
"095720","웅진씽크빅","173607099","171819023","-1788076","498066904325","492903240135","-5163664190"
"105840","우진","103511074","102973713","-537361","1005930730550","1000705300470","-5225430080"
"004080","신흥","943215","574113","-369102","13557716430","8324746750","-5232969680"
"357120","코람코라이프인프라리츠","5453419","4507203","-946216","29143898295","23836531920","-5307366375"
"016880","웅진","406293915","402103323","-4190592","671691040452","666135390209","-5555650243"
"020560","아시아나항공","52447807","51996588","-451219","633212702530","627619933000","-5592769530"
"008260","NI스틸","40566830","39491857","-1074973","255448489460","249829310185","-5619179275"
"004090","한국석유","126620499","126103627","-516872","1779138999580","1773508323040","-5630676540"
"004310","현대약품","43707781","42531228","-1176553","204768065815","199047711970","-5720353845"
"280360","롯데웰푸드","1341778","1321562","-20216","152532165700","146775954600","-5756211100"
"200880","서연이화","142901419","142048928","-852491","2561163767650","2555395652910","-5768114740"
"300720","한일시멘트","8999575","8586834","-412741","111180970590","105406470800","-5774499790"
"448730","삼성FN리츠","10714650","9647592","-1067058","54362034975","48571629765","-5790405210"
"000320","노루홀딩스","6162871","5659214","-503657","70199385930","64328919500","-5870466430"
"006840","AK홀딩스","2009917","1694200","-315717","37691076190","31485848310","-6205227880"
"004890","동일산업","2839847","2685293","-154554","232054455950","225783086550","-6271369400"
"037270","YG PLUS","191118914","190440446","-678468","1097992424245","1091684766115","-6307658130"
"02826K","삼성물산우B","565332","494693","-70639","53855769000","47511967200","-6343801800"
"178920","PI첨단소재","25537725","25288902","-248823","891218080400","884659458650","-6558621750"
"069960","현대백화점","10046365","10203135","156770","575596785900","568983508300","-6613277600"
"000815","삼성화재우","1361017","1326576","-34441","237656589000","230948919100","-6707669900"
"010780","아이에스동서","35127056","34853444","-273612","1379420302189","1372700371600","-6719930589"
"155900","바다로19호","7086119","4858925","-2227194","21250110515","14422552425","-6827558090"
"078520","에이블씨엔씨","39116996","38686179","-430817","365262999260","358037186735","-7225812525"
"089470","HDC현대EP","11210264","9704788","-1505476","50564020710","43284418905","-7279601805"
"001940","KISCO홀딩스","4069117","3735756","-333361","82773101000","75312385850","-7460715150"
"000500","가온전선","15762553","15400724","-361829","320322911430","312703066920","-7619844510"
"009270","신원","72739274","67284852","-5454422","105626904020","97956641865","-7670262155"
"003200","일신방직","5867332","5864108","-3224","113740727370","105921563620","-7819163750"
"001820","삼화콘덴서","12524400","12367700","-156700","533115104550","525184770000","-7930334550"
"007860","서연","46904665","45976964","-927701","411765058050","403547715030","-8217343020"
"108670","LX하우시스","6348227","6224663","-123564","281040018600","272726566400","-8313452200"
"298690","에어부산","144417753","142615876","-1801877","510248532990","501891470480","-8357062510"
"286940","롯데정보통신","8406485","8144862","-261623","232209610150","223619741600","-8589868550"
"183190","아세아시멘트","14037629","13257625","-780004","141404720570","132734984030","-8669736540"
"003720","삼영","223496630","221553157","-1943473","1075541543705","1066850113320","-8691430385"
"460860","동국제강","119502963","118900650","-602313","1529269573870","1520435721020","-8833852850"
"033270","유나이티드제약","11146574","10856871","-289703","278470326000","269617346150","-8852979850"
"381970","케이카","48568466","48188213","-380253","642978484360","633961837940","-9016646420"
"336370","솔루스첨단소재","32245864","32105918","-139946","1270554526250","1261482472300","-9072053950"
"007160","사조산업","1404310","1179590","-224720","58868199850","49640265600","-9227934250"
"192080","더블유게임즈","4598732","4437685","-161047","205924503400","196654956750","-9269546650"
"005389","현대차3우B","1999740","1899019","-100721","200244438200","190932830500","-9311607700"
"011930","신성이엔지","1179764099","1175445692","-4318407","2951349479387","2942034169218","-9315310169"
"285130","SK케미칼","7861284","7725343","-135941","556011349400","546620285600","-9391063800"
"003570","SNT다이내믹스","55485690","54612269","-873421","712798481710","703325714730","-9472766980"
"003120","일성신약","3399789","3078551","-321238","211181805620","201656919890","-9524885730"
"000020","동화약품","19264819","18289201","-975618","186986311470","177256041180","-9730270290"
"084010","대한제강","8135767","7410875","-724892","107312088150","97292753080","-10019335070"
"000640","동아쏘시오홀딩스","883600","780619","-102981","81319278400","71164571200","-10154707200"
"004000","롯데정밀화학","7890656","7783353","-107303","478329804900","468017353500","-10312451400"
"016590","신대양제지","32474182","30577267","-1896915","200594252340","190031572115","-10562680225"
"000070","삼양홀딩스","1475524","1326824","-148700","106844278100","95800078300","-11044199800"
"008930","한미사이언스","23591406","23522464","-68942","863738272700","852578891300","-11159381400"
"090350","노루페인트","30703971","29469719","-1234252","270204694440","258943085440","-11261609000"
"012630","HDC","12831241","11258015","-1573226","83450917150","71934581740","-11516335410"
"066575","LG전자우","6141076","5904676","-236400","300266509000","288676459950","-11590049050"
"011785","금호석유우","1729248","1570686","-158562","120133395600","108467771100","-11665624500"
"383800","LX홀딩스","24824426","23492257","-1332169","204269905970","192481449070","-11788456900"
"009155","삼성전기우","996191","827404","-168787","69436615300","57481185800","-11955429500"
"268280","미원에스씨","234583","149165","-85418","33127880800","20958644000","-12169236800"
"029780","삼성카드","6948639","6674478","-274161","213698568300","201237283050","-12461285250"
"002310","아세아제지","3865206","3547644","-317562","145633769550","132521539850","-13112229700"
"017940","E1","3125609","2885324","-240285","175969507900","162789584200","-13179923700"
"126560","현대퓨처넷","56524875","52175040","-4349835","178081990250","164884335030","-13197655220"
"003410","쌍용C&E","59014024","57130895","-1883129","334319377955","321090099985","-13229277970"
"005830","DB손해보험","4592661","4449250","-143411","357053357600","343747225700","-13306131900"
"001460","BYC","82008","51451","-30557","36577604000","23070613000","-13506991000"
"001390","KG케미칼","268222610","268797334","574724","5500494100210","5486972231460","-13521868750"
"064960","SNT모티브","4237190","3987870","-249320","205194201150","191224217750","-13969983400"
"018670","SK가스","1136141","1032469","-103672","157515014000","143475519000","-14039495000"
"011760","현대코퍼레이션","15148811","14484315","-664496","317712887460","303506349110","-14206538350"
"170900","동아에스티","4306888","4095031","-211857","271976766700","257355261950","-14621504750"
"194370","제이에스코퍼레이션","13110008","12244928","-865080","202430148490","187745358190","-14684790300"
"079550","LIG넥스원","39641581","39542159","-99422","3974907941900","3960215533100","-14692408800"
"009290","광동제약","149812017","147600773","-2211244","1112842218120","1098034359920","-14807858200"
"033530","세종공업","75476015","73731922","-1744093","588176368190","573285844500","-14890523690"
"004710","한솔테크닉스","45290737","43284580","-2006157","326702824750","311531645185","-15171179565"
"001800","오리온홀딩스","6988709","6079202","-909507","109439873400","93957842300","-15482031100"
"034310","NICE","4280044","3016415","-1263629","53305857590","37754274910","-15551582680"
"249420","일동제약","76429331","75713064","-716267","1646631318810","1630504452050","-16126866760"
"011170","롯데케미칼","9026746","9015815","-10931","1486759448700","1470517171400","-16242277300"
"005810","풍산홀딩스","6095308","5616059","-479249","223660945350","206758606800","-16902338550"
"103590","일진전기","287238744","285480937","-1757807","2538543653725","2521301702700","-17241951025"
"007210","벽산","121769185","117566089","-4203096","387926134350","370411511220","-17514623130"
"017960","한국카본","79093068","78313591","-779477","982215343080","964646227760","-17569115320"
"210540","디와이파워","17119379","15910124","-1209255","231414742600","213251930280","-18162812320"
"035150","백산","27808867","25910845","-1898022","248026192270","229859740050","-18166452220"
"017370","우신시스템","68660157","65967215","-2692942","510916482770","492699151755","-18217331015"
"007690","국도화학","4081325","3788048","-293277","196414853250","178108410050","-18306443200"
"001530","DI동일","43199025","42621577","-577448","1070199282860","1051654217990","-18545064870"
"071970","STX중공업","120451341","117839320","-2612021","1156827767710","1137878214390","-18949553320"
"002030","아세아","361599","240384","-121215","55756072500","36668912300","-19087160200"
"010100","한국무브넥스","227591816","224677650","-2914166","1371396350040","1351694871860","-19701478180"
"092230","KPX홀딩스","745031","361986","-383045","38523302550","18580945150","-19942357400"
"002350","넥센타이어","21464734","19077519","-2387215","172037215230","151899193610","-20138021620"
"002840","미원상사","280542","158843","-121699","47014097600","26546365700","-20467731900"
"192650","드림텍","114602471","112826467","-1776004","1338125108480","1317440331140","-20684777340"
"007340","DN오토모티브","3682834","3436745","-246089","289454973500","268757008500","-20697965000"
"009970","영원무역홀딩스","1507239","1216694","-290545","107424740000","86129536200","-21295203800"
"181710","NHN","7948234","7248441","-699793","206689566300","184981300100","-21708266200"
"026890","스틱인베스트먼트","38063947","34732448","-3331499","245932115400","224081408760","-21850706640"
"064350","현대로템","413598213","414133679","535466","12917970528100","12895856837650","-22113690450"
"000120","CJ대한통운","6754475","6681204","-73271","611249092500","589106887100","-22142205400"
"051600","한전KPS","17337367","16784787","-552580","603316019550","580356091500","-22959928050"
"018250","애경산업","17972006","17052990","-919016","397479067500","373888971190","-23590096310"
"077500","유니퀘스트","61985146","60089750","-1895396","754379390140","728811124965","-25568265175"
"085620","미래에셋생명","25152189","19544490","-5607699","99746196640","73771311090","-25974885550"
"006120","SK디스커버리","5816279","5146375","-669904","214383420850","187142827100","-27240593750"
"068400","SK렌터카","14362189","12247310","-2114879","156889021220","129010682930","-27878338290"
"001430","세아베스틸지주","38243464","37118034","-1125430","922214157750","893854710150","-28359447600"
"069260","TKG휴켐스","18112061","16935404","-1176657","394048829700","365425887810","-28622941890"
"008560","메리츠증권","23438379","19289455","-4148924","154047411420","125274033470","-28773377950"
"007700","F&F홀딩스","17637589","16382309","-1255280","469657900040","440158492160","-29499407880"
"088350","한화생명","225280605","217275846","-8004759","605113836270","575124591470","-29989244800"
"025540","한국단자","3558518","3114146","-444372","224433683850","193471737950","-30961945900"
"456040","OCI","11109703","10923749","-185954","1481080640400","1449893067100","-31187573300"
"281820","케이씨텍","10643855","9234897","-1408958","236091753570","204899562710","-31192190860"
"010050","우리종금","150830987","107861476","-42969511","115185188238","82971886465","-32213301773"
"005180","빙그레","5482036","4908195","-573841","283395013250","249898961500","-33496051750"
"030210","다올투자증권","169210910","160415119","-8795791","625449901220","591826651140","-33623250080"
"073240","금호타이어","66146880","59447026","-6699854","294450031925","260024159675","-34425872250"
"003690","코리안리","31238251","27228148","-4010103","244404768650","209841209120","-34563559530"
"010620","현대미포조선","26529949","26437354","-92595","2091104146400","2053861725500","-37242420900"
"009240","한샘","4166579","3479801","-686778","210767636250","172648719750","-38118916500"
"001060","JW중외제약","49984462","48557959","-1426503","1734342577330","1694484462930","-39858114400"
"006110","삼아알미늄","58621706","57951376","-670330","4274680447150","4233841619800","-40838827350"
"100090","SK오션플랜트","38231928","36505252","-1726676","769096004960","727595242580","-41500762380"
"005850","에스엘","33806349","32659385","-1146964","1112450782250","1070545601350","-41905180900"
"006650","대한유화","4755342","4514981","-240361","746944119700","703893593500","-43050526200"
"082740","HSD엔진","112905550","108946786","-3958764","1030271624430","986660112440","-43611511990"
"009900","명신산업","104681586","102354025","-2327561","2160609738630","2116070747380","-44538991250"
"005387","현대차2우B","7745646","7229138","-516508","793827474100","748822983800","-45004490300"
"035720","카카오","226584722","224908436","-1676286","12342562655950","12297411581000","-45151074950"
"004490","세방전지","14223340","13387658","-835682","761268137906","715671676000","-45596461906"
"003030","세아제강지주","1847123","1591146","-255977","318596287300","271610871600","-46985415700"
"002380","KCC","2977875","2820541","-157334","671539935800","623773651300","-47766284500"
"241560","두산밥캣","24306199","23171880","-1134319","1177111764000","1128277281000","-48834483000"
"003230","삼양식품","9188691","8999252","-189439","1416742372400","1366714388100","-50027984300"
"138930","BNK금융지주","87213105","80502804","-6710301","597995528250","547907918320","-50087609930"
"012030","DB","1392697516","1358308010","-34389506","2889291991257","2839104395588","-50187595669"
"139130","DGB금융지주","52070645","46059137","-6011508","396423096730","343765226220","-52657870510"
"086280","현대글로비스","7950918","7739374","-211544","1387049524500","1329757493500","-57292031000"
"047810","한국항공우주","102960334","102656907","-303427","5165749408700","5108383169150","-57366239550"
"105630","한세실업","21824176","18959186","-2864990","411809516140","354364255190","-57445260950"
"298050","효성첨단소재","4023495","3872074","-151421","1718908703500","1661218334000","-57690369500"
"009450","경동나비엔","11624800","10377910","-1246890","531390864100","472385946800","-59004917300"
"039490","키움증권","7197409","6723394","-474015","667115348200","607637145100","-59478203100"
"298040","효성중공업","14328419","13750179","-578240","1793944654800","1732874239900","-61070414900"
"271560","오리온","4049564","3593780","-455784","507832756100","442166433700","-65666322400"
"307950","현대오토에버","19196322","18586922","-609400","3056268153100","2989803923100","-66464230000"
"251270","넷마블","23523170","22662098","-861072","1287273663000","1219584313750","-67689349250"
"294870","HDC현대산업개발","41061449","35968712","-5092737","501381729060","433270059460","-68111669600"
"005940","NH투자증권","44684494","38113840","-6570654","435441086170","364685615370","-70755470800"
"011210","현대위아","23562417","22558501","-1003916","1415311539000","1344491560600","-70819978400"
"024110","기업은행","94632159","88814796","-5817363","1022147077080","949361876790","-72785200290"
"267250","HD현대","17596109","16686245","-909864","1105722101200","1030855423500","-74866677700"
"042670","HD현대인프라코어","507779959","502481532","-5298427","4979131112230","4900677868010","-78453244220"
"005070","코스모신소재","112305795","112344151","38356","16239236953200","16159603125900","-79633827300"
"375500","DL이앤씨","17136833","14928555","-2208278","581067327100","499786733350","-81280593750"
"042660","한화오션","142523032","140255939","-2267093","4520304129850","4435583502140","-84720627710"
"267260","HD현대일렉트릭","41325147","40194241","-1130906","2502067603650","2412868958900","-89198644750"
"005385","현대차우","7221067","6297559","-923508","736379720700","646897127000","-89482593700"
"103140","풍산","32400029","30185263","-2214766","1258373439900","1168531573450","-89841866450"
"138040","메리츠금융지주","44257552","42941717","-1315835","2103471808250","2013254658300","-90217149950"
"175330","JB금융지주","51944273","42777236","-9167037","496088666250","403204325540","-92884340710"
"316140","우리금융지주","189009412","183619181","-5390231","2296607431090","2201727824300","-94879606790"
"161390","한국타이어앤테크놀로지","17966771","15653288","-2313483","680696871750","584817048350","-95879823400"
"006800","미래에셋증권","59928635","46465242","-13463393","416441694800","317266921400","-99174773400"
"195870","해성디에스","28553371","26903462","-1649909","1563254344500","1462037540750","-101216803750"
"302440","SK바이오사이언스","41314426","40060537","-1253889","3152437593200","3047498145300","-104939447900"
"272210","한화시스템","169062749","162648142","-6414607","2450651299640","2344079765400","-106571534240"
"185750","종근당","12886705","11910749","-975956","1504736085800","1392886960700","-111849125100"
"329180","HD현대중공업","17344495","16613317","-731178","2005046627100","1889160455500","-115886171600"
"000810","삼성화재","2881720","2385261","-496459","666101473100","548606985300","-117494487800"
"052690","한전기술","32723770","31004900","-1718870","2284159284800","2165919753500","-118239531300"
"001040","CJ","12456086","11372872","-1083214","1080684846600","961190747900","-119494098700"
"001740","SK네트웍스","143837653","122634826","-21202827","772939633925","652163172600","-120776461325"
"377300","카카오페이","48404783","46219013","-2185770","2760808752800","2639662044800","-121146708000"
"071050","한국금융지주","9433092","7485642","-1947450","529885041750","408275561700","-121609480050"
"180640","한진칼","10458098","8121897","-2336201","502916435846","379192845550","-123723590296"
"108320","LX세미콘","24578373","23384107","-1194266","2454529172600","2321411287900","-133117884700"
"248070","솔루엠","104584658","99988613","-4596045","2844586172850","2710998856400","-133587316450"
"030200","KT","77040418","73967984","-3072434","2463527166100","2329097371900","-134429794200"
"055550","신한지주","56569008","54400083","-2168925","2098464081200","1961232714900","-137231366300"
"352820","하이브","35644377","35050929","-593448","8223963359600","8084389508800","-139573850800"
"003550","LG","11758467","10139115","-1619352","1020765594800","877970164400","-142795430400"
"090430","아모레퍼시픽","21216950","20306744","-910206","2681175510800","2535932133700","-145243377100"
"298020","효성티앤씨","3365510","3019594","-345916","1319624492500","1174133628500","-145490864000"
"032830","삼성생명","10769708","8754509","-2015199","740805867500","593887411700","-146918455800"
"128940","한미약품","5599276","5161169","-438107","1694737174500","1541681092000","-153056082500"
"081660","휠라홀딩스","10694801","6489701","-4205100","402273241500","241317194400","-160956047100"
"009420","한올바이오파마","103325974","97315905","-6010069","3149898185480","2982045999260","-167852186220"
"105560","KB금융","48453822","46122915","-2330907","2501919621400","2331286100550","-170633520850"
"161890","한국콜마","19093833","15473321","-3620512","928257633598","747958836550","-180298797048"
"192820","코스맥스","12439244","10685381","-1753863","1321858641100","1132452431700","-189406209400"
"011780","금호석유","7053494","5748558","-1304936","963658227700","771838345600","-191819882100"
"361610","SK아이이테크놀로지","79347031","77224066","-2122965","6794371634200","6579948650200","-214422984000"
"000990","DB하이텍","118270924","113666483","-4604441","7182314842550","6960756872350","-221557970200"
"004020","현대제철","40359920","34349418","-6010502","1427040061100","1199397054950","-227643006150"
"016360","삼성증권","21728835","15446213","-6282622","775865378100","542970492200","-232894885900"
"326030","SK바이오팜","20414867","17699804","-2715063","1682751826600","1441036302800","-241715523800"
"012450","한화에어로스페이스","86817035","84217928","-2599107","9385207831500","9138562298300","-246645533200"
"042700","한미반도체","614852701","606954327","-7898374","21992657009440","21733809695860","-258847313580"
"017800","현대엘리베이","26685654","20310458","-6375196","1048640981800","786250852000","-262390129800"
"035420","NAVER","85991612","85083005","-908607","17926959082100","17656819131500","-270139950600"
"003490","대한항공","133890886","121781195","-12109691","3135725645620","2823972898080","-311752747540"
"011200","HMM","362849883","346029301","-16820582","7034380145580","6721095198030","-313284947550"
"066570","LG전자","91872776","89401825","-2470951","10120151986700","9797000942600","-323151044100"
"028050","삼성엔지니어링","97155844","86191492","-10964352","2839667416100","2501884440150","-337782975950"
"010060","OCI홀딩스","26071245","22756752","-3314493","2564645002800","2213494992400","-351150010400"
"018260","삼성에스디에스","12288866","9928286","-2360580","1685260324100","1329118682400","-356141641700"
"259960","크래프톤","15333487","13432383","-1901104","2767746170100","2394788722400","-372957447700"
"402340","SK스퀘어","24170939","15508805","-8662134","1022784864150","639112931750","-383671932400"
"009540","HD한국조선해양","25085352","21391478","-3693874","2552618597300","2130444512300","-422174085000"
"010140","삼성중공업","939660538","880349054","-59311484","6657532138115","6219474571640","-438057566475"
"028260","삼성물산","19861736","16032791","-3828945","2238769729800","1784405715900","-454364013900"
"323410","카카오뱅크","182652791","165205507","-17447284","4699369270170","4214847102980","-484522167190"
"034020","두산에너빌리티","787905081","759379586","-28525495","13448617943290","12899677504210","-548940439080"
"009150","삼성전기","38713843","34182253","-4531590","5690851191900","4981362564000","-709488627900"
"012330","현대모비스","13410707","10261185","-3149522","3022187075500","2283618063000","-738569012500"
"068270","셀트리온","65942062","61544791","-4397271","10570453294900","9769527221500","-800926073400"
"005935","삼성전자우","104269802","86628590","-17641212","5918934002200","4884190873150","-1034743129050"
"000270","기아","116043603","93460301","-22583302","9426418863900","7598687954900","-1827730909000"
"005380","현대차","52972011","42943390","-10028621","10009265783300","8100580022400","-1908685760900"
"000660","SK하이닉스","237661143","202586372","-35074771","26049584762700","22139360799300","-3910223963400"
"005930","삼성전자","787959036","554117430","-233841606","53534761368100","37342418295000","-16192343073100"